,Min-variance,Max-return,Dollar-neutral random search,Risk-parity,Tangency
NIKE,0.2,0.18659116294593,0.0,0.23316295512921578,3.8163916471489756e-17
AMZN,0.2,0.172231515827449,-0.00531480904402401,0.2055733080707441,1.3877787807814457e-17
GOOGLE,0.2,0.1911805056203613,0.0,0.22034042861546307,9.71445146547012e-17
TESLA,0.2,0.25,0.00531480904402401,0.12782389921308224,0.9999999999999998
MSFT,0.2,0.19999681560625965,0.0,0.21309940897149482,5.551115123125783e-17
